Candidate_ID,Candidate_Name,Gender,Age,Category,District,Course_Code,Course_Name,Sector,Provider_Code,Provider_Name,Enrolment_Date,Completion_Date,Attendance_Pct,Assessment_Score,Certification_Status,Employment_Status,Employer_Name,Job_Role,Monthly_Wage,Phone_Number,Consent_Given
PMKVY-MH-2024-0001,Sunil Gaikwad,Male,27,SC,Kolhapur,MH-AUTO-01,EV Battery & Drivetrain Assembly,Automotive & EV,PRV-PUNE-01,MSSDS Central Skilling Hub (Pune),2024-01-15,2024-05-15,77.1,82.1,Certified,Placed,Tata Motors Ltd (Passenger & EV),EV Associate,19681,+91 9898837836,Yes
PMKVY-MH-2024-0002,Rohan Salunkhe,Male,20,SC,Chhatrapati Sambhajinagar,MH-ELE-02,Industrial Automation & PLC Technician,Electronics & Hardware,PRV-NAGPUR-02,Tata STRIVE Skill Development Center (Nagpur),2024-01-15,2024-05-15,79.5,80.5,Certified,Placed,L&T Electrical & Automation Services,Industrial Associate,21284,+91 9893252733,Yes
PMKVY-MH-2024-0003,Ganesh Gawande,Female,25,ST,Chhatrapati Sambhajinagar,MH-IT-03,Full Stack Cloud Application Support,IT & BPM,PRV-NASHIK-03,Don Bosco Technical Institute (Nashik),2024-01-15,2024-05-15,77.4,81.1,Certified,Placed,Infosys BPM Ltd (Hinjewadi DC),Full Associate,22453,+91 9967191908,Yes
PMKVY-MH-2024-0004,Rohan Meshram,Male,23,ST,Solapur,MH-HLTH-04,Healthcare Assistant & Dialysis Support,Healthcare & Life Sciences,PRV-PUNE-01,MSSDS Central Skilling Hub (Pune),2024-01-15,2024-05-15,81.0,70.2,Certified,Placed,Apollo Hospitals & Health City,Healthcare Associate,16526,+91 9890038403,Yes
PMKVY-MH-2024-0005,Madhuri Shinde,Male,24,OBC,Amravati,MH-AUTO-01,EV Battery & Drivetrain Assembly,Automotive & EV,PRV-NAGPUR-02,Tata STRIVE Skill Development Center (Nagpur),2024-01-15,2024-05-15,91.5,68.3,Certified,Placed,Tata Motors Ltd (Passenger & EV),EV Associate,18641,+91 9876833703,Yes
PMKVY-MH-2024-0006,Sachin Deshmukh,Female,21,ST,Amravati,MH-ELE-02,Industrial Automation & PLC Technician,Electronics & Hardware,PRV-NASHIK-03,Don Bosco Technical Institute (Nashik),2024-01-15,2024-05-15,95.7,83.9,Certified,Placed,Thermax Clean Energy Systems Ltd,Industrial Associate,21041,+91 9909050801,Yes
PMKVY-MH-2024-0007,Kavita Bansode,Male,27,VJNT,Pune,MH-IT-03,Full Stack Cloud Application Support,IT & BPM,PRV-PUNE-01,MSSDS Central Skilling Hub (Pune),2024-01-15,2024-05-15,97.0,69.8,Certified,Placed,Infosys BPM Ltd (Hinjewadi DC),Full Associate,24188,+91 9987567968,Yes
PMKVY-MH-2024-0008,Swapnil Meshram,Male,28,EWS,Kolhapur,MH-HLTH-04,Healthcare Assistant & Dialysis Support,Healthcare & Life Sciences,PRV-NAGPUR-02,Tata STRIVE Skill Development Center (Nagpur),2024-01-15,2024-05-15,93.4,71.9,Certified,Placed,Apollo Hospitals & Health City,Healthcare Associate,17322,+91 9924168520,Yes
PMKVY-MH-2024-0009,Priyanka Deshmukh,Female,21,SC,Amravati,MH-AUTO-01,EV Battery & Drivetrain Assembly,Automotive & EV,PRV-NASHIK-03,Don Bosco Technical Institute (Nashik),2024-01-15,2024-05-15,82.5,69.0,Certified,Apprenticeship,Thermax Clean Energy Systems Ltd,Graduate Apprentice,12500,+91 9982255924,Yes
PMKVY-MH-2024-0010,Manoj Patil,Male,22,SC,Amravati,MH-ELE-02,Industrial Automation & PLC Technician,Electronics & Hardware,PRV-PUNE-01,MSSDS Central Skilling Hub (Pune),2024-01-15,2024-05-15,81.3,86.9,Certified,Self-Employed,Manoj Enterprises,Proprietor,24000,+91 9802471095,Yes
PMKVY-MH-2024-0011,Deepak Sonawane,Male,20,EWS,Amravati,MH-IT-03,Full Stack Cloud Application Support,IT & BPM,PRV-NAGPUR-02,Tata STRIVE Skill Development Center (Nagpur),2024-01-15,2024-05-15,54.4,46.5,Completed Not Certified,Unemployed,,,0,+91 9772111587,Yes
PMKVY-MH-2024-0012,Prashant Gawande,Female,25,EWS,Kolhapur,MH-HLTH-04,Healthcare Assistant & Dialysis Support,Healthcare & Life Sciences,PRV-NASHIK-03,Don Bosco Technical Institute (Nashik),2024-01-15,2024-05-15,90.4,69.2,Certified,Placed,Apollo Hospitals & Health City,Healthcare Associate,17476,+91 9811971768,Yes
PMKVY-MH-2024-0013,Sanjay Mane,Male,28,EWS,Amravati,MH-AUTO-01,EV Battery & Drivetrain Assembly,Automotive & EV,PRV-PUNE-01,MSSDS Central Skilling Hub (Pune),2024-01-15,2024-05-15,83.4,94.2,Certified,Placed,Bajaj Auto Ltd (Chakan Works),EV Associate,18915,+91 9978057754,Yes
PMKVY-MH-2024-0014,Tushar Wagh,Male,29,OBC,Chhatrapati Sambhajinagar,MH-ELE-02,Industrial Automation & PLC Technician,Electronics & Hardware,PRV-NAGPUR-02,Tata STRIVE Skill Development Center (Nagpur),2024-01-15,2024-05-15,87.4,74.1,Certified,Placed,Thermax Clean Energy Systems Ltd,Industrial Associate,19597,+91 9840225915,Yes
PMKVY-MH-2024-0015,Akshay Jadhav,Female,26,VJNT,Chhatrapati Sambhajinagar,MH-IT-03,Full Stack Cloud Application Support,IT & BPM,PRV-NASHIK-03,Don Bosco Technical Institute (Nashik),2024-01-15,2024-05-15,90.9,87.2,Certified,Placed,Infosys BPM Ltd (Hinjewadi DC),Full Associate,24101,+91 9971592104,Yes
PMKVY-MH-2024-0016,Nitin Gaikwad,Male,21,ST,Amravati,MH-HLTH-04,Healthcare Assistant & Dialysis Support,Healthcare & Life Sciences,PRV-PUNE-01,MSSDS Central Skilling Hub (Pune),2024-01-15,2024-05-15,82.6,76.4,Certified,Placed,Apollo Hospitals & Health City,Healthcare Associate,17485,+91 9878236680,Yes
PMKVY-MH-2024-0017,Manoj Chavan,Male,19,General,Pune,MH-AUTO-01,EV Battery & Drivetrain Assembly,Automotive & EV,PRV-NAGPUR-02,Tata STRIVE Skill Development Center (Nagpur),2024-01-15,2024-05-15,88.7,77.6,Certified,Placed,Bajaj Auto Ltd (Chakan Works),EV Associate,19296,+91 9973016766,Yes
PMKVY-MH-2024-0018,Sachin Mane,Female,22,OBC,Kolhapur,MH-ELE-02,Industrial Automation & PLC Technician,Electronics & Hardware,PRV-NASHIK-03,Don Bosco Technical Institute (Nashik),2024-01-15,2024-05-15,97.4,85.3,Certified,Placed,Thermax Clean Energy Systems Ltd,Industrial Associate,19054,+91 9868669254,Yes
PMKVY-MH-2024-0019,Sachin Thorat,Male,21,ST,Pune,MH-IT-03,Full Stack Cloud Application Support,IT & BPM,PRV-PUNE-01,MSSDS Central Skilling Hub (Pune),2024-01-15,2024-05-15,78.4,82.8,Certified,Apprenticeship,Thermax Clean Energy Systems Ltd,Graduate Apprentice,12500,+91 9961425883,Yes
PMKVY-MH-2024-0020,Nilesh Thorat,Male,26,SC,Nagpur,MH-HLTH-04,Healthcare Assistant & Dialysis Support,Healthcare & Life Sciences,PRV-NAGPUR-02,Tata STRIVE Skill Development Center (Nagpur),2024-01-15,2024-05-15,82.1,82.8,Certified,Self-Employed,Nilesh Enterprises,Proprietor,24000,+91 9870824241,Yes
PMKVY-MH-2024-0021,Pallavi Jadhav,Female,22,SC,Chhatrapati Sambhajinagar,MH-AUTO-01,EV Battery & Drivetrain Assembly,Automotive & EV,PRV-NASHIK-03,Don Bosco Technical Institute (Nashik),2024-01-15,2024-05-15,90.2,82.9,Certified,Placed,Tata Motors Ltd (Passenger & EV),EV Associate,19287,+91 9966730716,Yes
PMKVY-MH-2024-0022,Kavita Lokhande,Male,28,VJNT,Chhatrapati Sambhajinagar,MH-ELE-02,Industrial Automation & PLC Technician,Electronics & Hardware,PRV-PUNE-01,MSSDS Central Skilling Hub (Pune),2024-01-15,2024-05-15,85.9,69.1,Certified,Placed,Thermax Clean Energy Systems Ltd,Industrial Associate,21115,+91 9992999575,Yes
PMKVY-MH-2024-0023,Vaishali More,Male,20,EWS,Pune,MH-IT-03,Full Stack Cloud Application Support,IT & BPM,PRV-NAGPUR-02,Tata STRIVE Skill Development Center (Nagpur),2024-01-15,2024-05-15,56.0,56.9,Completed Not Certified,Unemployed,,,0,+91 9752485613,Yes
PMKVY-MH-2024-0024,Kalyani Kamble,Female,20,OBC,Pune,MH-HLTH-04,Healthcare Assistant & Dialysis Support,Healthcare & Life Sciences,PRV-NASHIK-03,Don Bosco Technical Institute (Nashik),2024-01-15,2024-05-15,85.9,84.0,Certified,Placed,Apollo Hospitals & Health City,Healthcare Associate,17627,+91 9865027552,Yes
PMKVY-MH-2024-0025,Sneha Shinde,Male,23,VJNT,Pune,MH-AUTO-01,EV Battery & Drivetrain Assembly,Automotive & EV,PRV-PUNE-01,MSSDS Central Skilling Hub (Pune),2024-01-15,2024-05-15,97.7,76.3,Certified,Placed,Tata Motors Ltd (Passenger & EV),EV Associate,19179,+91 9996260910,Yes
PMKVY-MH-2024-0026,Nitin Wagh,Male,21,VJNT,Amravati,MH-ELE-02,Industrial Automation & PLC Technician,Electronics & Hardware,PRV-NAGPUR-02,Tata STRIVE Skill Development Center (Nagpur),2024-01-15,2024-05-15,91.3,74.7,Certified,Placed,L&T Electrical & Automation Services,Industrial Associate,21489,+91 9892241876,Yes
PMKVY-MH-2024-0027,Sanjay Sonawane,Female,21,EWS,Nashik,MH-IT-03,Full Stack Cloud Application Support,IT & BPM,PRV-NASHIK-03,Don Bosco Technical Institute (Nashik),2024-01-15,2024-05-15,86.9,81.6,Certified,Placed,Infosys BPM Ltd (Hinjewadi DC),Full Associate,23121,+91 9711135016,Yes
PMKVY-MH-2024-0028,Rohan Patil,Male,22,SC,Thane,MH-HLTH-04,Healthcare Assistant & Dialysis Support,Healthcare & Life Sciences,PRV-PUNE-01,MSSDS Central Skilling Hub (Pune),2024-01-15,2024-05-15,76.7,93.0,Certified,Placed,Apollo Hospitals & Health City,Healthcare Associate,17542,+91 9942796798,Yes
PMKVY-MH-2024-0029,Ravindra Bhosale,Male,26,EWS,Thane,MH-AUTO-01,EV Battery & Drivetrain Assembly,Automotive & EV,PRV-NAGPUR-02,Tata STRIVE Skill Development Center (Nagpur),2024-01-15,2024-05-15,88.2,68.9,Certified,Apprenticeship,L&T Electrical & Automation Services,Graduate Apprentice,12500,+91 9823621990,Yes
PMKVY-MH-2024-0030,Kavita Meshram,Female,19,SC,Kolhapur,MH-ELE-02,Industrial Automation & PLC Technician,Electronics & Hardware,PRV-NASHIK-03,Don Bosco Technical Institute (Nashik),2024-01-15,2024-05-15,92.0,70.8,Certified,Self-Employed,Kavita Enterprises,Proprietor,24000,+91 9857415698,Yes
PMKVY-MH-2024-0031,Tanvi Patil,Male,22,OBC,Solapur,MH-IT-03,Full Stack Cloud Application Support,IT & BPM,PRV-PUNE-01,MSSDS Central Skilling Hub (Pune),2024-01-15,2024-05-15,78.8,95.6,Certified,Placed,Infosys BPM Ltd (Hinjewadi DC),Full Associate,22763,+91 9872396653,Yes
PMKVY-MH-2024-0032,Neha Pawar,Male,24,VJNT,Chhatrapati Sambhajinagar,MH-HLTH-04,Healthcare Assistant & Dialysis Support,Healthcare & Life Sciences,PRV-NAGPUR-02,Tata STRIVE Skill Development Center (Nagpur),2024-01-15,2024-05-15,91.1,76.0,Certified,Placed,Apollo Hospitals & Health City,Healthcare Associate,17065,+91 9767277677,Yes
PMKVY-MH-2024-0033,Dinesh Chavan,Female,22,ST,Pune,MH-AUTO-01,EV Battery & Drivetrain Assembly,Automotive & EV,PRV-NASHIK-03,Don Bosco Technical Institute (Nashik),2024-01-15,2024-05-15,77.2,71.0,Certified,Placed,Tata Motors Ltd (Passenger & EV),EV Associate,21352,+91 9900647489,Yes
PMKVY-MH-2024-0034,Manoj Gawande,Male,24,EWS,Thane,MH-ELE-02,Industrial Automation & PLC Technician,Electronics & Hardware,PRV-PUNE-01,MSSDS Central Skilling Hub (Pune),2024-01-15,2024-05-15,79.0,94.4,Certified,Placed,Thermax Clean Energy Systems Ltd,Industrial Associate,19558,+91 9881318384,Yes
PMKVY-MH-2024-0035,Manisha Shinde,Male,28,ST,Nagpur,MH-IT-03,Full Stack Cloud Application Support,IT & BPM,PRV-NAGPUR-02,Tata STRIVE Skill Development Center (Nagpur),2024-01-15,2024-05-15,97.9,69.7,Certified,Placed,Infosys BPM Ltd (Hinjewadi DC),Full Associate,23114,+91 9841660098,Yes
PMKVY-MH-2024-0036,Vishal Deshmukh,Female,27,General,Solapur,MH-HLTH-04,Healthcare Assistant & Dialysis Support,Healthcare & Life Sciences,PRV-NASHIK-03,Don Bosco Technical Institute (Nashik),2024-01-15,2024-05-15,92.3,89.4,Certified,Placed,Apollo Hospitals & Health City,Healthcare Associate,18035,+91 9939323526,Yes
PMKVY-MH-2024-0037,Prashant Kadam,Male,23,VJNT,Nashik,MH-AUTO-01,EV Battery & Drivetrain Assembly,Automotive & EV,PRV-PUNE-01,MSSDS Central Skilling Hub (Pune),2024-01-15,2024-05-15,59.5,51.0,Completed Not Certified,Unemployed,,,0,+91 9817679352,Yes
PMKVY-MH-2024-0038,Shraddha Ghuge,Male,29,General,Nagpur,MH-ELE-02,Industrial Automation & PLC Technician,Electronics & Hardware,PRV-NAGPUR-02,Tata STRIVE Skill Development Center (Nagpur),2024-01-15,2024-05-15,80.2,69.4,Certified,Placed,Thermax Clean Energy Systems Ltd,Industrial Associate,20950,+91 9748889435,Yes
PMKVY-MH-2024-0039,Amol Ingle,Female,26,SC,Nashik,MH-IT-03,Full Stack Cloud Application Support,IT & BPM,PRV-NASHIK-03,Don Bosco Technical Institute (Nashik),2024-01-15,2024-05-15,79.7,70.7,Certified,Apprenticeship,Apollo Hospitals & Health City,Graduate Apprentice,12500,+91 9897017806,Yes
PMKVY-MH-2024-0040,Vishal Bhosale,Male,20,EWS,Thane,MH-HLTH-04,Healthcare Assistant & Dialysis Support,Healthcare & Life Sciences,PRV-PUNE-01,MSSDS Central Skilling Hub (Pune),2024-01-15,2024-05-15,82.5,70.1,Certified,Self-Employed,Vishal Enterprises,Proprietor,24000,+91 9831914910,Yes
PMKVY-MH-2024-0041,Amol Pawar,Male,22,VJNT,Nashik,MH-AUTO-01,EV Battery & Drivetrain Assembly,Automotive & EV,PRV-NAGPUR-02,Tata STRIVE Skill Development Center (Nagpur),2024-01-15,2024-05-15,97.9,92.2,Certified,Placed,Bajaj Auto Ltd (Chakan Works),EV Associate,18507,+91 9961336004,Yes
PMKVY-MH-2024-0042,Ashwini Kamble,Female,28,SC,Amravati,MH-ELE-02,Industrial Automation & PLC Technician,Electronics & Hardware,PRV-NASHIK-03,Don Bosco Technical Institute (Nashik),2024-01-15,2024-05-15,96.7,91.9,Certified,Placed,L&T Electrical & Automation Services,Industrial Associate,21807,+91 9792585151,Yes
PMKVY-MH-2024-0043,Vikas Chavan,Male,23,EWS,Solapur,MH-IT-03,Full Stack Cloud Application Support,IT & BPM,PRV-PUNE-01,MSSDS Central Skilling Hub (Pune),2024-01-15,2024-05-15,97.5,72.4,Certified,Placed,Infosys BPM Ltd (Hinjewadi DC),Full Associate,24923,+91 9704559500,Yes
PMKVY-MH-2024-0044,Aniket Tambe,Male,25,General,Thane,MH-HLTH-04,Healthcare Assistant & Dialysis Support,Healthcare & Life Sciences,PRV-NAGPUR-02,Tata STRIVE Skill Development Center (Nagpur),2024-01-15,2024-05-15,80.7,81.8,Certified,Placed,Apollo Hospitals & Health City,Healthcare Associate,17013,+91 9742820539,Yes
PMKVY-MH-2024-0045,Shweta Meshram,Female,25,OBC,Thane,MH-AUTO-01,EV Battery & Drivetrain Assembly,Automotive & EV,PRV-NASHIK-03,Don Bosco Technical Institute (Nashik),2024-01-15,2024-05-15,79.9,71.6,Certified,Placed,Bajaj Auto Ltd (Chakan Works),EV Associate,17749,+91 9990790656,Yes
PMKVY-MH-2024-0046,Tanvi Thorat,Male,20,VJNT,Nashik,MH-ELE-02,Industrial Automation & PLC Technician,Electronics & Hardware,PRV-PUNE-01,MSSDS Central Skilling Hub (Pune),2024-01-15,2024-05-15,80.5,93.1,Certified,Placed,L&T Electrical & Automation Services,Industrial Associate,20501,+91 9770616980,Yes
PMKVY-MH-2024-0047,Manisha Bhosale,Male,27,General,Kolhapur,MH-IT-03,Full Stack Cloud Application Support,IT & BPM,PRV-NAGPUR-02,Tata STRIVE Skill Development Center (Nagpur),2024-01-15,2024-05-15,91.4,74.5,Certified,Placed,Infosys BPM Ltd (Hinjewadi DC),Full Associate,22707,+91 9705075005,Yes
PMKVY-MH-2024-0048,Manoj Gawande,Female,29,General,Thane,MH-HLTH-04,Healthcare Assistant & Dialysis Support,Healthcare & Life Sciences,PRV-NASHIK-03,Don Bosco Technical Institute (Nashik),2024-01-15,2024-05-15,95.3,77.0,Certified,Placed,Apollo Hospitals & Health City,Healthcare Associate,19237,+91 9879556497,No
PMKVY-MH-2024-0049,Pooja Bansode,Male,29,SC,Kolhapur,MH-AUTO-01,EV Battery & Drivetrain Assembly,Automotive & EV,PRV-PUNE-01,MSSDS Central Skilling Hub (Pune),2024-01-15,2024-05-15,50.7,43.2,Completed Not Certified,Unemployed,,,0,+91 9842384880,Yes
PMKVY-MH-2024-0050,Ashwini Deshmukh,Male,19,OBC,Kolhapur,MH-ELE-02,Industrial Automation & PLC Technician,Electronics & Hardware,PRV-NAGPUR-02,Tata STRIVE Skill Development Center (Nagpur),2024-01-15,2024-05-15,85.3,74.0,Certified,Self-Employed,Ashwini Enterprises,Proprietor,24000,+91 9789132843,Yes
PMKVY-MH-2024-0051,Madhuri Gaikwad,Female,21,EWS,Thane,MH-IT-03,Full Stack Cloud Application Support,IT & BPM,PRV-NASHIK-03,Don Bosco Technical Institute (Nashik),2024-01-15,2024-05-15,81.9,92.2,Certified,Placed,Infosys BPM Ltd (Hinjewadi DC),Full Associate,24910,+91 9759056751,Yes
PMKVY-MH-2024-0052,Ravindra Jadhav,Male,21,EWS,Solapur,MH-HLTH-04,Healthcare Assistant & Dialysis Support,Healthcare & Life Sciences,PRV-PUNE-01,MSSDS Central Skilling Hub (Pune),2024-01-15,2024-05-15,90.7,84.7,Certified,Placed,Apollo Hospitals & Health City,Healthcare Associate,18831,+91 9838029077,Yes
PMKVY-MH-2024-0053,Shweta Meshram,Male,27,EWS,Chhatrapati Sambhajinagar,MH-AUTO-01,EV Battery & Drivetrain Assembly,Automotive & EV,PRV-NAGPUR-02,Tata STRIVE Skill Development Center (Nagpur),2024-01-15,2024-05-15,85.6,69.7,Certified,Placed,Bajaj Auto Ltd (Chakan Works),EV Associate,19019,+91 9780140831,Yes
PMKVY-MH-2024-0054,Rohan Kadam,Female,20,VJNT,Thane,MH-ELE-02,Industrial Automation & PLC Technician,Electronics & Hardware,PRV-NASHIK-03,Don Bosco Technical Institute (Nashik),2024-01-15,2024-05-15,77.8,83.1,Certified,Placed,Thermax Clean Energy Systems Ltd,Industrial Associate,20419,+91 9707438972,Yes
PMKVY-MH-2024-0055,Ganesh Bansode,Male,19,EWS,Pune,MH-IT-03,Full Stack Cloud Application Support,IT & BPM,PRV-PUNE-01,MSSDS Central Skilling Hub (Pune),2024-01-15,2024-05-15,82.3,84.2,Certified,Placed,Infosys BPM Ltd (Hinjewadi DC),Full Associate,23884,+91 9840222862,Yes
PMKVY-MH-2024-0056,Tushar Wagh,Male,25,VJNT,Amravati,MH-HLTH-04,Healthcare Assistant & Dialysis Support,Healthcare & Life Sciences,PRV-NAGPUR-02,Tata STRIVE Skill Development Center (Nagpur),2024-01-15,2024-05-15,92.0,70.0,Certified,Placed,Apollo Hospitals & Health City,Healthcare Associate,17561,+91 9825781725,Yes
PMKVY-MH-2024-0057,Kalyani Lokhande,Female,20,ST,Chhatrapati Sambhajinagar,MH-AUTO-01,EV Battery & Drivetrain Assembly,Automotive & EV,PRV-NASHIK-03,Don Bosco Technical Institute (Nashik),2024-01-15,2024-05-15,79.4,74.3,Certified,Placed,Tata Motors Ltd (Passenger & EV),EV Associate,18951,+91 9734978253,Yes
PMKVY-MH-2024-0058,Vishal Tambe,Male,28,SC,Chhatrapati Sambhajinagar,MH-ELE-02,Industrial Automation & PLC Technician,Electronics & Hardware,PRV-PUNE-01,MSSDS Central Skilling Hub (Pune),2024-01-15,2024-05-15,92.5,90.8,Certified,Placed,L&T Electrical & Automation Services,Industrial Associate,20810,+91 9765647205,Yes
PMKVY-MH-2024-0059,Rohan Meshram,Male,21,OBC,Chhatrapati Sambhajinagar,MH-IT-03,Full Stack Cloud Application Support,IT & BPM,PRV-NAGPUR-02,Tata STRIVE Skill Development Center (Nagpur),2024-01-15,2024-05-15,76.9,69.2,In Training,In Training,,,0,+91 9991246470,Yes
PMKVY-MH-2024-0060,Pooja Lokhande,Female,21,SC,Pune,MH-HLTH-04,Healthcare Assistant & Dialysis Support,Healthcare & Life Sciences,PRV-NASHIK-03,Don Bosco Technical Institute (Nashik),2024-01-15,2024-05-15,85.7,82.1,Certified,Self-Employed,Pooja Enterprises,Proprietor,24000,+91 9872796791,Yes
PMKVY-MH-2024-0061,Mahesh Lokhande,Male,19,EWS,Chhatrapati Sambhajinagar,MH-AUTO-01,EV Battery & Drivetrain Assembly,Automotive & EV,PRV-PUNE-01,MSSDS Central Skilling Hub (Pune),2024-01-15,2024-05-15,78.9,81.5,Certified,Placed,Bajaj Auto Ltd (Chakan Works),EV Associate,18117,+91 9873433098,Yes
PMKVY-MH-2024-0062,Manisha Tambe,Male,28,SC,Nagpur,MH-ELE-02,Industrial Automation & PLC Technician,Electronics & Hardware,PRV-NAGPUR-02,Tata STRIVE Skill Development Center (Nagpur),2024-01-15,2024-05-15,92.8,82.4,Certified,Placed,L&T Electrical & Automation Services,Industrial Associate,21110,+91 9919595398,Yes
PMKVY-MH-2024-0063,Manoj Meshram,Female,29,VJNT,Nashik,MH-IT-03,Full Stack Cloud Application Support,IT & BPM,PRV-NASHIK-03,Don Bosco Technical Institute (Nashik),2024-01-15,2024-05-15,90.9,75.1,Certified,Placed,Infosys BPM Ltd (Hinjewadi DC),Full Associate,24902,+91 9750333845,Yes
PMKVY-MH-2024-0064,Aniket Meshram,Male,26,General,Chhatrapati Sambhajinagar,MH-HLTH-04,Healthcare Assistant & Dialysis Support,Healthcare & Life Sciences,PRV-PUNE-01,MSSDS Central Skilling Hub (Pune),2024-01-15,2024-05-15,91.5,69.6,Certified,Placed,Apollo Hospitals & Health City,Healthcare Associate,17030,+91 9827036711,Yes
PMKVY-MH-2024-0065,Rohan More,Male,26,OBC,Nagpur,MH-AUTO-01,EV Battery & Drivetrain Assembly,Automotive & EV,PRV-NAGPUR-02,Tata STRIVE Skill Development Center (Nagpur),2024-01-15,2024-05-15,77.1,74.0,Certified,Placed,Tata Motors Ltd (Passenger & EV),EV Associate,20524,+91 9928368645,Yes
PMKVY-MH-2024-0066,Swapnil Bansode,Female,24,OBC,Chhatrapati Sambhajinagar,MH-ELE-02,Industrial Automation & PLC Technician,Electronics & Hardware,PRV-NASHIK-03,Don Bosco Technical Institute (Nashik),2024-01-15,2024-05-15,83.0,73.0,Certified,Placed,L&T Electrical & Automation Services,Industrial Associate,21239,+91 9812088714,Yes
PMKVY-MH-2024-0067,Kiran Jadhav,Male,19,OBC,Nagpur,MH-IT-03,Full Stack Cloud Application Support,IT & BPM,PRV-PUNE-01,MSSDS Central Skilling Hub (Pune),2024-01-15,2024-05-15,77.6,71.9,Certified,Placed,Infosys BPM Ltd (Hinjewadi DC),Full Associate,23167,+91 9959917104,Yes
PMKVY-MH-2024-0068,Sneha Bansode,Male,21,VJNT,Nagpur,MH-HLTH-04,Healthcare Assistant & Dialysis Support,Healthcare & Life Sciences,PRV-NAGPUR-02,Tata STRIVE Skill Development Center (Nagpur),2024-01-15,2024-05-15,86.9,86.0,Certified,Placed,Apollo Hospitals & Health City,Healthcare Associate,18502,+91 9834830204,Yes
PMKVY-MH-2024-0069,Rohan Salunkhe,Female,28,EWS,Chhatrapati Sambhajinagar,MH-AUTO-01,EV Battery & Drivetrain Assembly,Automotive & EV,PRV-NASHIK-03,Don Bosco Technical Institute (Nashik),2024-01-15,2024-05-15,81.9,70.5,Certified,Apprenticeship,L&T Electrical & Automation Services,Graduate Apprentice,12500,+91 9882265760,Yes
PMKVY-MH-2024-0070,Pallavi Meshram,Male,19,EWS,Chhatrapati Sambhajinagar,MH-ELE-02,Industrial Automation & PLC Technician,Electronics & Hardware,PRV-PUNE-01,MSSDS Central Skilling Hub (Pune),2024-01-15,2024-05-15,82.7,84.1,Certified,Self-Employed,Pallavi Enterprises,Proprietor,24000,+91 9774768440,Yes
PMKVY-MH-2024-0071,Kalyani Sawant,Male,27,EWS,Thane,MH-IT-03,Full Stack Cloud Application Support,IT & BPM,PRV-NAGPUR-02,Tata STRIVE Skill Development Center (Nagpur),2024-01-15,2024-05-15,71.1,66.9,In Training,In Training,,,0,+91 9814856487,Yes
PMKVY-MH-2024-0072,Sachin Pawar,Female,25,General,Solapur,MH-HLTH-04,Healthcare Assistant & Dialysis Support,Healthcare & Life Sciences,PRV-NASHIK-03,Don Bosco Technical Institute (Nashik),2024-01-15,2024-05-15,83.5,84.7,Certified,Placed,Apollo Hospitals & Health City,Healthcare Associate,16573,+91 9914933633,Yes
PMKVY-MH-2024-0073,Ashwini More,Male,20,ST,Kolhapur,MH-AUTO-01,EV Battery & Drivetrain Assembly,Automotive & EV,PRV-PUNE-01,MSSDS Central Skilling Hub (Pune),2024-01-15,2024-05-15,53.2,52.4,Completed Not Certified,Unemployed,,,0,+91 9837143019,Yes
PMKVY-MH-2024-0074,Ganesh Tambe,Male,19,OBC,Amravati,MH-ELE-02,Industrial Automation & PLC Technician,Electronics & Hardware,PRV-NAGPUR-02,Tata STRIVE Skill Development Center (Nagpur),2024-01-15,2024-05-15,96.4,79.9,Certified,Placed,Thermax Clean Energy Systems Ltd,Industrial Associate,20026,+91 9773170546,Yes
PMKVY-MH-2024-0075,Prashant Lokhande,Female,23,General,Solapur,MH-IT-03,Full Stack Cloud Application Support,IT & BPM,PRV-NASHIK-03,Don Bosco Technical Institute (Nashik),2024-01-15,2024-05-15,93.8,87.1,Certified,Placed,Infosys BPM Ltd (Hinjewadi DC),Full Associate,24192,+91 9727182043,Yes
PMKVY-MH-2024-0076,Aniket Chavan,Male,21,EWS,Pune,MH-HLTH-04,Healthcare Assistant & Dialysis Support,Healthcare & Life Sciences,PRV-PUNE-01,MSSDS Central Skilling Hub (Pune),2024-01-15,2024-05-15,80.0,81.9,Certified,Placed,Apollo Hospitals & Health City,Healthcare Associate,16569,+91 9848344720,Yes
PMKVY-MH-2024-0077,Pallavi Bansode,Male,26,OBC,Chhatrapati Sambhajinagar,MH-AUTO-01,EV Battery & Drivetrain Assembly,Automotive & EV,PRV-NAGPUR-02,Tata STRIVE Skill Development Center (Nagpur),2024-01-15,2024-05-15,86.8,81.0,Certified,Placed,Bajaj Auto Ltd (Chakan Works),EV Associate,18108,+91 9780146099,Yes
PMKVY-MH-2024-0078,Madhuri Ghuge,Female,25,VJNT,Amravati,MH-ELE-02,Industrial Automation & PLC Technician,Electronics & Hardware,PRV-NASHIK-03,Don Bosco Technical Institute (Nashik),2024-01-15,2024-05-15,91.1,95.6,Certified,Placed,L&T Electrical & Automation Services,Industrial Associate,22497,+91 9975924905,Yes
PMKVY-MH-2024-0079,Ganesh Bhosale,Male,25,EWS,Kolhapur,MH-IT-03,Full Stack Cloud Application Support,IT & BPM,PRV-PUNE-01,MSSDS Central Skilling Hub (Pune),2024-01-15,2024-05-15,87.7,69.6,Certified,Apprenticeship,Infosys BPM Ltd (Hinjewadi DC),Graduate Apprentice,12500,+91 9877172731,Yes
PMKVY-MH-2024-0080,Ashwini Bhosale,Male,28,EWS,Kolhapur,MH-HLTH-04,Healthcare Assistant & Dialysis Support,Healthcare & Life Sciences,PRV-NAGPUR-02,Tata STRIVE Skill Development Center (Nagpur),2024-01-15,2024-05-15,90.1,84.1,Certified,Self-Employed,Ashwini Enterprises,Proprietor,24000,+91 9754197808,Yes
PMKVY-MH-2024-0081,Sunil Shinde,Female,23,General,Solapur,MH-AUTO-01,EV Battery & Drivetrain Assembly,Automotive & EV,PRV-NASHIK-03,Don Bosco Technical Institute (Nashik),2024-01-15,2024-05-15,92.4,81.3,Certified,Placed,Bajaj Auto Ltd (Chakan Works),EV Associate,18755,+91 9912725508,Yes
PMKVY-MH-2024-0082,Madhuri Patil,Male,26,OBC,Chhatrapati Sambhajinagar,MH-ELE-02,Industrial Automation & PLC Technician,Electronics & Hardware,PRV-PUNE-01,MSSDS Central Skilling Hub (Pune),2024-01-15,2024-05-15,84.2,85.3,Certified,Placed,Thermax Clean Energy Systems Ltd,Industrial Associate,20864,+91 9804545107,Yes
PMKVY-MH-2024-0083,Ashwini Salunkhe,Male,24,VJNT,Kolhapur,MH-IT-03,Full Stack Cloud Application Support,IT & BPM,PRV-NAGPUR-02,Tata STRIVE Skill Development Center (Nagpur),2024-01-15,2024-05-15,94.1,82.5,Certified,Placed,Infosys BPM Ltd (Hinjewadi DC),Full Associate,24798,+91 9762865438,Yes
PMKVY-MH-2024-0084,Roshani Bhosale,Female,21,EWS,Solapur,MH-HLTH-04,Healthcare Assistant & Dialysis Support,Healthcare & Life Sciences,PRV-NASHIK-03,Don Bosco Technical Institute (Nashik),2024-01-15,2024-05-15,86.9,81.6,Certified,Placed,Apollo Hospitals & Health City,Healthcare Associate,16823,+91 9988025308,Yes
PMKVY-MH-2024-0085,Prashant Deshmukh,Male,20,General,Kolhapur,MH-AUTO-01,EV Battery & Drivetrain Assembly,Automotive & EV,PRV-PUNE-01,MSSDS Central Skilling Hub (Pune),2024-01-15,2024-05-15,80.9,89.9,Certified,Placed,Tata Motors Ltd (Passenger & EV),EV Associate,18530,+91 9791117606,Yes
PMKVY-MH-2024-0086,Ganesh Gawande,Male,23,ST,Thane,MH-ELE-02,Industrial Automation & PLC Technician,Electronics & Hardware,PRV-NAGPUR-02,Tata STRIVE Skill Development Center (Nagpur),2024-01-15,2024-05-15,95.3,75.1,Certified,Placed,L&T Electrical & Automation Services,Industrial Associate,20799,+91 9847414556,Yes
PMKVY-MH-2024-0087,Priyanka Ghuge,Female,27,OBC,Kolhapur,MH-IT-03,Full Stack Cloud Application Support,IT & BPM,PRV-NASHIK-03,Don Bosco Technical Institute (Nashik),2024-01-15,2024-05-15,79.2,85.8,Certified,Placed,Infosys BPM Ltd (Hinjewadi DC),Full Associate,23695,+91 9896062976,Yes
PMKVY-MH-2024-0088,Priyanka Thorat,Male,27,OBC,Chhatrapati Sambhajinagar,MH-HLTH-04,Healthcare Assistant & Dialysis Support,Healthcare & Life Sciences,PRV-PUNE-01,MSSDS Central Skilling Hub (Pune),2024-01-15,2024-05-15,97.9,72.8,Certified,Placed,Apollo Hospitals & Health City,Healthcare Associate,18709,+91 9825675791,Yes
PMKVY-MH-2024-0089,Nitin Gaikwad,Male,23,ST,Chhatrapati Sambhajinagar,MH-AUTO-01,EV Battery & Drivetrain Assembly,Automotive & EV,PRV-NAGPUR-02,Tata STRIVE Skill Development Center (Nagpur),2024-01-15,2024-05-15,80.1,75.0,Certified,Apprenticeship,Thermax Clean Energy Systems Ltd,Graduate Apprentice,12500,+91 9903589802,Yes
PMKVY-MH-2024-0090,Amol Ingle,Female,26,SC,Amravati,MH-ELE-02,Industrial Automation & PLC Technician,Electronics & Hardware,PRV-NASHIK-03,Don Bosco Technical Institute (Nashik),2024-01-15,2024-05-15,92.3,75.4,Certified,Self-Employed,Amol Enterprises,Proprietor,24000,+91 9768394442,Yes
PMKVY-MH-2024-0091,Sachin Bhosale,Male,23,VJNT,Kolhapur,MH-IT-03,Full Stack Cloud Application Support,IT & BPM,PRV-PUNE-01,MSSDS Central Skilling Hub (Pune),2024-01-15,2024-05-15,87.4,82.1,Certified,Placed,Infosys BPM Ltd (Hinjewadi DC),Full Associate,24178,+91 9898135307,Yes
PMKVY-MH-2024-0092,Shweta Patil,Male,25,VJNT,Nagpur,MH-HLTH-04,Healthcare Assistant & Dialysis Support,Healthcare & Life Sciences,PRV-NAGPUR-02,Tata STRIVE Skill Development Center (Nagpur),2024-01-15,2024-05-15,85.8,68.3,Certified,Placed,Apollo Hospitals & Health City,Healthcare Associate,19066,+91 9882553900,Yes
PMKVY-MH-2024-0093,Tushar More,Female,23,OBC,Thane,MH-AUTO-01,EV Battery & Drivetrain Assembly,Automotive & EV,PRV-NASHIK-03,Don Bosco Technical Institute (Nashik),2024-01-15,2024-05-15,81.0,85.1,Certified,Placed,Bajaj Auto Ltd (Chakan Works),EV Associate,18325,+91 9787074557,Yes
PMKVY-MH-2024-0094,Jyoti Lokhande,Male,28,VJNT,Chhatrapati Sambhajinagar,MH-ELE-02,Industrial Automation & PLC Technician,Electronics & Hardware,PRV-PUNE-01,MSSDS Central Skilling Hub (Pune),2024-01-15,2024-05-15,87.3,90.3,Certified,Placed,L&T Electrical & Automation Services,Industrial Associate,22552,+91 9845372599,Yes
PMKVY-MH-2024-0095,Sanjay Meshram,Male,28,General,Nashik,MH-IT-03,Full Stack Cloud Application Support,IT & BPM,PRV-NAGPUR-02,Tata STRIVE Skill Development Center (Nagpur),2024-01-15,2024-05-15,71.3,65.5,In Training,In Training,,,0,+91 9718575781,Yes
PMKVY-MH-2024-0096,Tanvi Sawant,Female,24,OBC,Nagpur,MH-HLTH-04,Healthcare Assistant & Dialysis Support,Healthcare & Life Sciences,PRV-NASHIK-03,Don Bosco Technical Institute (Nashik),2024-01-15,2024-05-15,79.2,85.9,Certified,Placed,Apollo Hospitals & Health City,Healthcare Associate,17400,+91 9909634495,Yes
PMKVY-MH-2024-0097,Shweta Sonawane,Male,19,VJNT,Nagpur,MH-AUTO-01,EV Battery & Drivetrain Assembly,Automotive & EV,PRV-PUNE-01,MSSDS Central Skilling Hub (Pune),2024-01-15,2024-05-15,96.7,94.9,Certified,Placed,Bajaj Auto Ltd (Chakan Works),EV Associate,18947,+91 9855378302,Yes
PMKVY-MH-2024-0098,Mahesh Ghuge,Male,28,ST,Kolhapur,MH-ELE-02,Industrial Automation & PLC Technician,Electronics & Hardware,PRV-NAGPUR-02,Tata STRIVE Skill Development Center (Nagpur),2024-01-15,2024-05-15,80.5,91.4,Certified,Placed,L&T Electrical & Automation Services,Industrial Associate,20903,+91 9738784997,Yes
PMKVY-MH-2024-0099,Kavita Salunkhe,Female,24,OBC,Nashik,MH-IT-03,Full Stack Cloud Application Support,IT & BPM,PRV-NASHIK-03,Don Bosco Technical Institute (Nashik),2024-01-15,2024-05-15,85.3,69.8,Certified,Apprenticeship,Apollo Hospitals & Health City,Graduate Apprentice,12500,+91 9813188232,Yes
PMKVY-MH-2024-0100,Sunil Shinde,Male,19,OBC,Nagpur,MH-HLTH-04,Healthcare Assistant & Dialysis Support,Healthcare & Life Sciences,PRV-PUNE-01,MSSDS Central Skilling Hub (Pune),2024-01-15,2024-05-15,90.4,83.9,Certified,Self-Employed,Sunil Enterprises,Proprietor,24000,+91 9866497030,Yes
